Site,Partition,&alpha; ,&beta;<sup>-</sup>,p<sup>-</sup>,&beta;<sup>+</sup>,p<sup>+</sup>,LRT,p-value,# branches under selection,Total branch length,MEME LogL,FEL LogL
1,1,"0.00","0.00","1.00","0.00","0.00","0.00","1.00","0.00","0.00","0.00","0.00"
2,1,"0.00","0.00","1.00","0.00","0.00","0.00","1.00","0.00","0.00","0.00","0.00"
3,1,"0.00","0.00","1.00","0.00","0.00","0.00","1.00","0.00","0.00","0.00","0.00"
4,1,"0.00","0.00","1.00","0.00","0.00","0.00","1.00","0.00","0.00","0.00","0.00"
5,1,"0.00","0.00","1.00","0.00","0.00","0.00","1.00","0.00","0.00","0.00","0.00"
6,1,"0.00","0.00","1.00","0.00","0.00","0.00","1.00","0.00","0.00","0.00","0.00"
7,1,"0.00","0.00","1.00","0.00","0.00","0.00","1.00","0.00","0.00","0.00","0.00"
8,1,"2.79","0.00","1.00","4.18","0.00","0.00","0.67","0.00","0.00","-9.64","-9.64"
9,1,"0.00","0.00","1.00","0.00","0.00","0.00","1.00","0.00","0.00","0.00","0.00"
10,1,"0.00","0.00","1.00","0.00","0.00","0.00","1.00","0.00","0.00","0.00","0.00"
11,1,"0.00","0.00","0.53","3.55","0.47","1.17","0.29","1.00","0.00","-12.10","-12.09"
12,1,"0.00","0.00","1.00","0.00","0.00","0.00","1.00","0.00","0.00","0.00","0.00"
13,1,"0.00","0.00","1.00","0.00","0.00","0.00","1.00","0.00","0.00","0.00","0.00"
14,1,"0.00","0.00","1.00","0.00","0.00","0.00","1.00","0.00","0.00","0.00","0.00"
15,1,"2.16","0.00","1.00","3.24","0.00","0.00","0.67","0.00","0.00","-9.31","-9.31"
16,1,"0.00","0.00","1.00","0.00","0.00","0.00","1.00","0.00","0.00","0.00","0.00"
17,1,"0.00","0.00","1.00","0.00","0.00","0.00","1.00","0.00","0.00","0.00","0.00"
18,1,"0.00","0.00","1.00","0.00","0.00","0.00","1.00","0.00","0.00","0.00","0.00"
19,1,"0.00","0.00","1.00","0.00","0.00","0.00","1.00","0.00","0.00","0.00","0.00"
20,1,"0.00","0.00","1.00","0.00","0.00","0.00","1.00","0.00","0.00","0.00","0.00"
21,1,"0.00","0.00","1.00","0.00","0.00","0.00","1.00","0.00","0.00","0.00","0.00"
22,1,"0.00","0.00","1.00","0.00","0.00","0.00","1.00","0.00","0.00","0.00","0.00"
23,1,"2.30","0.00","1.00","3.45","0.00","0.00","0.67","0.00","0.00","-12.12","-12.12"
24,1,"0.00","0.00","1.00","0.00","0.00","0.00","1.00","0.00","0.00","0.00","0.00"
25,1,"0.00","0.00","1.00","0.00","0.00","0.00","1.00","0.00","0.00","0.00","0.00"
26,1,"0.00","0.00","1.00","0.00","0.00","0.00","1.00","0.00","0.00","0.00","0.00"
27,1,"0.00","0.00","1.00","0.00","0.00","0.00","1.00","0.00","0.00","0.00","0.00"
28,1,"0.00","0.00","1.00","0.00","0.00","0.00","1.00","0.00","0.00","0.00","0.00"
29,1,"0.00","0.00","1.00","0.00","0.00","0.00","1.00","0.00","0.00","0.00","0.00"
30,1,"0.00","0.00","1.00","0.00","0.00","0.00","1.00","0.00","0.00","0.00","0.00"
31,1,"0.00","0.00","1.00","0.00","0.00","0.00","1.00","0.00","0.00","0.00","0.00"
32,1,"0.00","0.00","1.00","0.00","0.00","0.00","1.00","0.00","0.00","0.00","0.00"
33,1,"0.00","0.00","1.00","0.00","0.00","0.00","1.00","0.00","0.00","0.00","0.00"
34,1,"0.00","0.00","1.00","0.00","0.00","0.00","1.00","0.00","0.00","0.00","0.00"
35,1,"2.27","0.00","1.00","3.41","0.00","0.00","0.67","0.00","0.00","-9.49","-9.49"
36,1,"0.00","0.00","1.00","0.00","0.00","0.00","1.00","0.00","0.00","0.00","0.00"
37,1,"0.00","0.00","1.00","0.00","0.00","0.00","1.00","0.00","0.00","0.00","0.00"
38,1,"0.00","0.00","1.00","0.00","0.00","0.00","1.00","0.00","0.00","0.00","0.00"
39,1,"0.00","0.00","1.00","0.00","0.00","0.00","1.00","0.00","0.00","0.00","0.00"
40,1,"0.00","0.00","1.00","0.00","0.00","0.00","1.00","0.00","0.00","0.00","0.00"
41,1,"0.00","0.00","1.00","0.00","0.00","0.00","1.00","0.00","0.00","0.00","0.00"
42,1,"0.00","0.00","1.00","0.00","0.00","0.00","1.00","0.00","0.00","0.00","0.00"
43,1,"2.26","0.00","1.00","3.39","0.00","0.00","0.67","0.00","0.00","-8.79","-8.79"
44,1,"0.00","0.00","1.00","0.00","0.00","0.00","1.00","0.00","0.00","0.00","0.00"
45,1,"0.00","0.00","1.00","0.00","0.00","0.00","1.00","0.00","0.00","0.00","0.00"
46,1,"0.00","0.00","1.00","0.00","0.00","0.00","1.00","0.00","0.00","0.00","0.00"
47,1,"8.28","0.00","1.00","12.43","0.00","0.00","0.67","0.00","0.00","-8.35","-8.35"
48,1,"0.00","0.00","1.00","0.00","0.00","0.00","1.00","0.00","0.00","0.00","0.00"
49,1,"0.00","0.00","1.00","0.00","0.00","0.00","1.00","0.00","0.00","0.00","0.00"
50,1,"0.00","0.00","1.00","0.00","0.00","0.00","1.00","0.00","0.00","0.00","0.00"
51,1,"0.00","0.00","1.00","0.00","0.00","0.00","1.00","0.00","0.00","0.00","0.00"
52,1,"0.00","0.00","1.00","0.00","0.00","0.00","1.00","0.00","0.00","0.00","0.00"
53,1,"0.00","0.00","1.00","0.00","0.00","0.00","1.00","0.00","0.00","0.00","0.00"
54,1,"0.00","0.00","1.00","0.00","0.00","0.00","1.00","0.00","0.00","0.00","0.00"
55,1,"0.00","0.00","1.00","0.00","0.00","0.00","1.00","0.00","0.00","0.00","0.00"
56,1,"1.76","0.00","1.00","2.64","0.00","0.00","0.67","0.00","0.00","-12.92","-12.92"
57,1,"0.00","0.00","1.00","0.00","0.00","0.00","1.00","0.00","0.00","0.00","0.00"
58,1,"2.79","0.00","1.00","4.18","0.00","0.00","0.67","0.00","0.00","-8.70","-8.70"
59,1,"0.00","0.00","1.00","0.00","0.00","0.00","1.00","0.00","0.00","0.00","0.00"
60,1,"0.00","0.00","1.00","0.00","0.00","0.00","1.00","0.00","0.00","0.00","0.00"
61,1,"0.00","0.00","1.00","0.00","0.00","0.00","1.00","0.00","0.00","0.00","0.00"
62,1,"0.00","0.00","1.00","0.00","0.00","0.00","1.00","0.00","0.00","0.00","0.00"
63,1,"0.00","0.00","1.00","0.00","0.00","0.00","1.00","0.00","0.00","0.00","0.00"
64,1,"1.68","0.00","1.00","2.51","0.00","0.00","0.67","0.00","0.00","-11.28","-11.28"
65,1,"0.00","0.00","1.00","0.00","0.00","0.00","1.00","0.00","0.00","0.00","0.00"
66,1,"0.00","0.00","1.00","0.00","0.00","0.00","1.00","0.00","0.00","0.00","0.00"
67,1,"0.00","0.00","1.00","0.00","0.00","0.00","1.00","0.00","0.00","0.00","0.00"
68,1,"0.00","0.00","1.00","0.00","0.00","0.00","1.00","0.00","0.00","0.00","0.00"
69,1,"0.00","0.00","1.00","0.00","0.00","0.00","1.00","0.00","0.00","0.00","0.00"
70,1,"9.19","0.00","1.00","13.79","0.00","0.00","0.67","0.00","0.00","-9.04","-9.04"
71,1,"0.00","0.00","0.04","1.15","0.96","0.82","0.35","1.00","0.00","-9.03","-9.03"
72,1,"0.00","0.00","1.00","0.00","0.00","0.00","1.00","0.00","0.00","0.00","0.00"
73,1,"0.00","0.00","1.00","0.00","0.00","0.00","1.00","0.00","0.00","0.00","0.00"
74,1,"0.00","0.00","1.00","0.00","0.00","0.00","1.00","0.00","0.00","0.00","0.00"
75,1,"0.00","0.00","1.00","0.00","0.00","0.00","1.00","0.00","0.00","0.00","0.00"
76,1,"0.00","0.00","1.00","0.00","0.00","0.00","1.00","0.00","0.00","0.00","0.00"
77,1,"0.00","0.00","1.00","0.00","0.00","0.00","1.00","0.00","0.00","0.00","0.00"
78,1,"0.00","0.00","1.00","0.00","0.00","0.00","1.00","0.00","0.00","0.00","0.00"
79,1,"0.00","0.00","1.00","0.00","0.00","0.00","1.00","0.00","0.00","0.00","0.00"
80,1,"0.00","0.00","1.00","0.00","0.00","0.00","1.00","0.00","0.00","0.00","0.00"
81,1,"0.00","0.00","1.00","0.00","0.00","0.00","1.00","0.00","0.00","0.00","0.00"
82,1,"0.00","0.00","1.00","0.00","0.00","0.00","1.00","0.00","0.00","0.00","0.00"
83,1,"0.00","0.00","1.00","0.00","0.00","0.00","1.00","0.00","0.00","0.00","0.00"
84,1,"2.16","0.00","1.00","3.24","0.00","0.00","0.67","0.00","0.00","-9.88","-9.88"
85,1,"0.00","0.00","0.01","2.92","0.99","0.37","0.47","1.00","0.00","-8.88","-8.87"
86,1,"0.00","0.00","1.00","0.00","0.00","0.00","1.00","0.00","0.00","0.00","0.00"
87,1,"0.00","0.00","1.00","0.00","0.00","0.00","1.00","0.00","0.00","0.00","0.00"
88,1,"0.00","0.00","1.00","0.00","0.00","0.00","1.00","0.00","0.00","0.00","0.00"
89,1,"1.67","0.00","1.00","2.50","0.00","0.00","0.67","0.00","0.00","-8.31","-8.31"
90,1,"0.00","0.00","1.00","0.00","0.00","0.00","1.00","0.00","0.00","0.00","0.00"
91,1,"1.67","0.00","1.00","2.50","0.00","0.00","0.67","0.00","0.00","-11.43","-11.43"
92,1,"1.67","0.00","1.00","2.50","0.00","0.00","0.67","0.00","0.00","-9.02","-9.02"
93,1,"0.00","0.00","1.00","0.00","0.00","0.00","1.00","0.00","0.00","0.00","0.00"
94,1,"2.87","0.74","1.00","4.30","0.00","0.00","0.67","0.00","0.00","-19.32","-19.32"
95,1,"0.00","0.00","1.00","0.00","0.00","0.00","1.00","0.00","0.00","0.00","0.00"
96,1,"0.00","0.00","1.00","0.00","0.00","0.00","1.00","0.00","0.00","0.00","0.00"
97,1,"0.00","0.00","1.00","0.00","0.00","0.00","1.00","0.00","0.00","0.00","0.00"
98,1,"0.00","0.00","1.00","0.00","0.00","0.00","1.00","0.00","0.00","0.00","0.00"
99,1,"0.00","0.00","1.00","0.00","0.00","0.00","1.00","0.00","0.00","0.00","0.00"
100,1,"3.02","0.12","0.00","4.12","1.00","0.06","0.59","0.00","0.00","-24.93","-24.94"
101,1,"0.00","0.00","1.00","0.00","0.00","0.00","1.00","0.00","0.00","0.00","0.00"
102,1,"0.00","0.00","1.00","0.00","0.00","0.00","1.00","0.00","0.00","0.00","0.00"
103,1,"0.00","0.00","0.06","3.03","0.94","0.37","0.47","1.00","0.00","-8.37","-8.36"
104,1,"0.00","0.00","1.00","0.00","0.00","0.00","1.00","0.00","0.00","0.00","0.00"
105,1,"0.00","0.00","1.00","0.00","0.00","0.00","1.00","0.00","0.00","0.00","0.00"
106,1,"0.00","0.00","0.01","1.86","0.99","0.40","0.46","1.00","0.00","-7.01","-7.01"
107,1,"2.62","0.00","1.00","5.65","0.00","0.00","0.67","0.00","0.00","-9.40","-9.39"
108,1,"10.33","0.00","1.00","15.49","0.00","0.00","0.67","0.00","0.00","-11.34","-11.34"
109,1,"0.00","0.00","0.01","1.35","0.99","0.30","0.49","1.00","0.00","-8.13","-8.13"
110,1,"0.00","0.00","1.00","0.00","0.00","0.00","1.00","0.00","0.00","0.00","0.00"
111,1,"0.00","0.00","1.00","0.00","0.00","0.00","1.00","0.00","0.00","0.00","0.00"
112,1,"0.00","0.00","1.00","0.00","0.00","0.00","1.00","0.00","0.00","0.00","0.00"
113,1,"0.00","0.00","1.00","0.00","0.00","0.00","1.00","0.00","0.00","0.00","0.00"
114,1,"0.00","0.00","1.00","0.00","0.00","0.00","1.00","0.00","0.00","0.00","0.00"
115,1,"0.00","0.00","1.00","0.00","0.00","0.00","1.00","0.00","0.00","0.00","0.00"
116,1,"2.84","1.10","1.00","4.26","0.00","0.00","0.67","0.00","0.00","-17.78","-17.78"
117,1,"0.00","0.00","1.00","0.00","0.00","0.00","1.00","0.00","0.00","0.00","0.00"
118,1,"0.00","0.00","1.00","0.00","0.00","0.00","1.00","0.00","0.00","0.00","0.00"
119,1,"0.00","0.00","0.00","1.23","1.00","0.30","0.49","1.00","0.00","-8.38","-8.38"
120,1,"0.00","0.00","0.00","7.25","1.00","4.14","0.06","2.00","0.00","-23.99","-23.99"
121,1,"0.00","0.00","1.00","0.00","0.00","0.00","1.00","0.00","0.00","0.00","0.00"
122,1,"0.00","0.00","1.00","0.00","0.00","0.00","1.00","0.00","0.00","0.00","0.00"
123,1,"0.00","0.00","0.98","1350.57","0.02","2.00","0.18","1.00","0.00","-11.19","-10.37"
124,1,"0.00","0.00","0.01","1.26","0.99","0.28","0.50","1.00","0.00","-8.70","-8.70"
125,1,"0.00","0.00","1.00","0.00","0.00","0.00","1.00","0.00","0.00","0.00","0.00"
126,1,"0.00","0.00","0.01","1.86","0.99","0.40","0.46","0.00","0.00","-7.00","-7.01"
127,1,"0.00","0.00","1.00","0.00","0.00","0.00","1.00","0.00","0.00","0.00","0.00"
128,1,"1.90","0.00","1.00","2.85","0.00","0.00","0.67","0.00","0.00","-9.54","-9.54"
129,1,"0.00","0.00","1.00","0.00","0.00","0.00","1.00","0.00","0.00","0.00","0.00"
130,1,"0.00","0.00","1.00","0.00","0.00","0.00","1.00","0.00","0.00","0.00","0.00"
131,1,"8.88","0.00","0.96","286.63","0.04","1.70","0.21","2.00","0.00","-20.10","-19.13"
132,1,"17.82","4.05","1.00","26.73","0.00","0.00","0.67","0.00","0.00","-15.68","-15.68"
133,1,"0.00","0.00","1.00","0.00","0.00","0.00","1.00","0.00","0.00","0.00","0.00"
134,1,"17.03","0.00","1.00","25.55","0.00","0.00","0.67","0.00","0.00","-7.10","-7.10"
135,1,"0.00","0.00","1.00","0.00","0.00","0.00","1.00","0.00","0.00","0.00","0.00"
136,1,"0.00","0.00","1.00","0.00","0.00","0.00","1.00","0.00","0.00","0.00","0.00"
137,1,"0.00","0.00","0.00","4.54","1.00","2.63","0.13","0.00","0.00","-15.44","-15.44"
138,1,"3.54","0.00","1.00","5.31","0.00","0.00","0.67","0.00","0.00","-14.26","-14.26"
139,1,"1.71","0.00","1.00","2.56","0.00","0.00","0.67","0.00","0.00","-8.52","-8.52"
140,1,"0.00","0.00","0.98","349.36","0.02","1.63","0.22","1.00","0.00","-11.32","-10.65"
141,1,"0.00","0.00","1.00","0.00","0.00","0.00","1.00","0.00","0.00","0.00","0.00"
142,1,"1.83","0.00","1.00","2.74","0.00","0.00","0.67","0.00","0.00","-9.51","-9.51"
143,1,"0.00","0.00","0.80","0.00","0.20","0.00","0.67","0.00","0.00","-1.19","-1.19"
144,1,"0.00","0.00","0.80","0.00","0.20","0.00","0.67","0.00","0.00","-1.19","-1.19"
145,1,"0.00","0.00","1.00","0.00","0.00","0.00","1.00","0.00","0.00","0.00","0.00"
146,1,"0.00","0.00","1.00","0.00","0.00","0.00","1.00","0.00","0.00","0.00","0.00"
147,1,"3.40","0.00","1.00","5.10","0.00","0.00","0.67","0.00","0.00","-8.88","-8.88"
148,1,"0.00","0.00","1.00","0.00","0.00","0.00","1.00","0.00","0.00","0.00","0.00"
149,1,"0.00","0.00","1.00","0.00","0.00","0.00","1.00","0.00","0.00","0.00","0.00"
150,1,"8.28","0.00","1.00","12.43","0.00","0.00","0.67","0.00","0.00","-7.90","-7.90"
151,1,"0.00","0.00","0.01","2.49","0.99","2.28","0.16","2.00","0.00","-18.37","-18.37"
152,1,"0.00","0.00","0.01","1.35","0.99","0.31","0.49","1.00","0.00","-8.87","-8.87"
153,1,"0.00","0.00","1.00","0.00","0.00","0.00","1.00","0.00","0.00","0.00","0.00"
154,1,"0.00","0.00","1.00","0.00","0.00","0.00","1.00","0.00","0.00","0.00","0.00"
155,1,"0.00","0.00","0.98","2960.74","0.02","4.42","0.05","1.00","0.00","-12.07","-10.01"
156,1,"0.00","0.00","0.00","1.33","1.00","0.32","0.48","1.00","0.00","-8.13","-8.13"
157,1,"15.16","0.00","1.00","22.73","0.00","0.00","0.67","0.00","0.00","-8.81","-8.81"
158,1,"0.00","0.00","1.00","0.00","0.00","0.00","1.00","0.00","0.00","0.00","0.00"
159,1,"0.00","0.00","1.00","0.00","0.00","0.00","1.00","0.00","0.00","0.00","0.00"
160,1,"0.00","0.00","1.00","0.00","0.00","0.00","1.00","0.00","0.00","0.00","0.00"
161,1,"1.22","0.67","0.50","3.67","0.50","-0.00","0.67","0.00","0.00","-0.00","-0.00"
162,1,"1.22","0.67","0.50","3.67","0.50","-0.00","0.67","0.00","0.00","-0.00","-0.00"
163,1,"1.22","0.67","0.50","3.67","0.50","-0.00","0.67","0.00","0.00","-0.00","-0.00"
164,1,"1.22","0.67","0.50","3.67","0.50","-0.00","0.67","0.00","0.00","-0.00","-0.00"
165,1,"0.00","0.00","0.75","0.00","0.25","0.00","0.67","0.00","0.00","-4.37","-4.37"
166,1,"0.00","0.00","1.00","0.00","0.00","0.00","1.00","0.00","0.00","0.00","0.00"
167,1,"0.00","0.00","1.00","0.00","0.00","0.00","1.00","0.00","0.00","0.00","0.00"
168,1,"0.00","0.00","1.00","0.00","0.00","0.00","1.00","0.00","0.00","0.00","0.00"
169,1,"0.00","0.00","1.00","0.00","0.00","0.00","1.00","0.00","0.00","0.00","0.00"
170,1,"0.00","0.00","1.00","0.00","0.00","0.00","1.00","0.00","0.00","0.00","0.00"
171,1,"1.94","0.00","1.00","2.90","0.00","0.00","0.67","0.00","0.00","-11.57","-11.57"
172,1,"0.00","0.00","1.00","0.00","0.00","0.00","1.00","0.00","0.00","0.00","0.00"
173,1,"0.00","0.00","1.00","0.00","0.00","0.00","1.00","0.00","0.00","0.00","0.00"
174,1,"0.00","0.00","1.00","0.00","0.00","0.00","1.00","0.00","0.00","0.00","0.00"
175,1,"0.00","0.00","0.00","1.04","1.00","0.64","0.39","1.00","0.00","-10.62","-10.62"
176,1,"0.00","0.00","0.00","2.74","1.00","1.22","0.28","1.00","0.00","-9.02","-9.02"
177,1,"1.90","0.00","1.00","2.85","0.00","0.00","0.67","0.00","0.00","-8.41","-8.41"
178,1,"15.65","0.00","1.00","23.48","0.00","0.00","0.67","0.00","0.00","-7.83","-7.83"
179,1,"0.00","0.00","1.00","0.00","0.00","0.00","1.00","0.00","0.00","0.00","0.00"
180,1,"0.00","0.00","1.00","0.00","0.00","0.00","1.00","0.00","0.00","0.00","0.00"
181,1,"0.00","0.00","1.00","0.00","0.00","0.00","1.00","0.00","0.00","0.00","0.00"
182,1,"0.00","0.00","1.00","0.00","0.00","0.00","1.00","0.00","0.00","0.00","0.00"
183,1,"1.72","0.00","1.00","2.58","0.00","0.00","0.67","0.00","0.00","-8.19","-8.19"
184,1,"0.00","0.00","1.00","0.00","0.00","0.00","1.00","0.00","0.00","0.00","0.00"
185,1,"0.00","0.00","1.00","0.00","0.00","0.00","1.00","0.00","0.00","0.00","0.00"
186,1,"0.00","0.00","1.00","0.00","0.00","0.00","1.00","0.00","0.00","0.00","0.00"
187,1,"0.00","0.00","1.00","0.00","0.00","0.00","1.00","0.00","0.00","0.00","0.00"
188,1,"0.00","0.00","1.00","0.00","0.00","0.00","1.00","0.00","0.00","0.00","0.00"
189,1,"0.00","0.00","1.00","0.00","0.00","0.00","1.00","0.00","0.00","0.00","0.00"
190,1,"8.49","0.00","1.00","12.74","0.00","0.00","0.67","0.00","0.00","-17.71","-17.71"
191,1,"0.00","0.00","1.00","0.00","0.00","0.00","1.00","0.00","0.00","0.00","0.00"
192,1,"0.00","0.00","1.00","0.00","0.00","0.00","1.00","0.00","0.00","0.00","0.00"
193,1,"0.00","0.00","1.00","0.00","0.00","0.00","1.00","0.00","0.00","0.00","0.00"
194,1,"0.00","0.00","1.00","0.00","0.00","0.00","1.00","0.00","0.00","0.00","0.00"
195,1,"0.00","0.00","1.00","0.00","0.00","0.00","1.00","0.00","0.00","0.00","0.00"
196,1,"0.00","0.00","1.00","0.00","0.00","0.00","1.00","0.00","0.00","0.00","0.00"
197,1,"5.19","1.85","0.99","15.89","0.01","0.00","0.65","0.00","0.00","-19.44","-19.44"
198,1,"0.00","0.00","1.00","0.00","0.00","0.00","1.00","0.00","0.00","0.00","0.00"
199,1,"0.00","0.00","0.51","6.02","0.49","0.41","0.46","1.00","0.00","-10.08","-10.07"
200,1,"0.00","0.00","1.00","0.00","0.00","0.00","1.00","0.00","0.00","0.00","0.00"
201,1,"0.00","0.00","1.00","0.00","0.00","0.00","1.00","0.00","0.00","0.00","0.00"
202,1,"3.31","0.00","1.00","4.97","0.00","0.00","0.67","0.00","0.00","-7.86","-7.86"
203,1,"15.45","0.00","1.00","1.59","0.00","0.00","0.67","0.00","0.00","-7.00","-7.00"
204,1,"0.00","0.00","1.00","0.00","0.00","0.00","1.00","0.00","0.00","0.00","0.00"
205,1,"13.24","0.00","1.00","19.87","0.00","0.00","0.67","0.00","0.00","-24.10","-24.10"
206,1,"0.00","0.00","1.00","0.00","0.00","0.00","1.00","0.00","0.00","0.00","0.00"
207,1,"0.00","0.00","1.00","0.00","0.00","0.00","1.00","0.00","0.00","0.00","0.00"
208,1,"0.00","0.00","1.00","0.00","0.00","0.00","1.00","0.00","0.00","0.00","0.00"
209,1,"0.00","0.00","1.00","0.00","0.00","0.00","1.00","0.00","0.00","0.00","0.00"
210,1,"0.00","0.00","0.04","2.89","0.96","1.22","0.28","1.00","0.00","-9.44","-9.44"
211,1,"0.00","0.00","1.00","0.00","0.00","0.00","1.00","0.00","0.00","0.00","0.00"
212,1,"0.06","0.00","0.00","3.61","1.00","0.56","0.41","2.00","0.00","-12.74","-12.74"
213,1,"0.00","0.00","0.01","1.35","0.99","0.70","0.38","1.00","0.00","-10.69","-10.69"
214,1,"8.03","1.32","1.00","12.04","0.00","0.00","0.67","0.00","0.00","-20.83","-20.83"
215,1,"0.00","0.00","1.00","0.00","0.00","0.00","1.00","0.00","0.00","0.00","0.00"
216,1,"0.00","0.00","1.00","0.00","0.00","0.00","1.00","0.00","0.00","0.00","0.00"
217,1,"0.00","0.00","0.00","4.21","1.00","2.79","0.12","2.00","0.00","-15.35","-15.35"
218,1,"0.00","0.00","0.01","1.09","0.99","0.67","0.39","1.00","0.00","-11.23","-11.23"
219,1,"15.65","0.00","1.00","23.48","0.00","0.00","0.67","0.00","0.00","-6.99","-6.99"
220,1,"0.00","0.00","0.05","2.01","0.95","0.41","0.45","1.00","0.00","-9.94","-9.94"
221,1,"1.68","0.08","0.01","2.62","0.99","0.15","0.55","0.00","0.00","-20.17","-20.17"
222,1,"0.00","0.00","1.00","0.00","0.00","0.00","1.00","0.00","0.00","0.00","0.00"
223,1,"0.00","0.00","1.00","0.00","0.00","0.00","1.00","0.00","0.00","0.00","0.00"
224,1,"0.00","0.00","1.00","0.00","0.00","0.00","1.00","0.00","0.00","0.00","0.00"
225,1,"2.83","1.89","1.00","4.25","0.00","0.00","0.67","0.00","0.00","-12.00","-12.00"
226,1,"0.00","0.00","1.00","0.00","0.00","0.00","1.00","0.00","0.00","0.00","0.00"
227,1,"5.37","1.09","1.00","8.06","0.00","0.00","0.67","0.00","0.00","-22.30","-22.30"
228,1,"0.00","0.00","0.01","2.77","0.99","1.20","0.28","1.00","0.00","-9.36","-9.36"
229,1,"0.00","0.00","1.00","0.00","0.00","0.00","1.00","0.00","0.00","0.00","0.00"
230,1,"0.00","0.00","0.75","0.00","0.25","0.00","0.67","0.00","0.00","-2.33","-2.33"
231,1,"0.00","0.00","1.00","0.00","0.00","0.00","1.00","0.00","0.00","0.00","0.00"
232,1,"23.54","0.00","1.00","35.31","0.00","0.00","0.67","0.00","0.00","-7.62","-7.62"
233,1,"0.00","0.00","1.00","0.00","0.00","0.00","1.00","0.00","0.00","0.00","0.00"
234,1,"0.00","0.00","1.00","0.00","0.00","0.00","1.00","0.00","0.00","0.00","0.00"
235,1,"2.97","0.00","1.00","4.45","0.00","0.00","0.67","0.00","0.00","-10.46","-10.46"
236,1,"0.00","0.00","1.00","0.00","0.00","0.00","1.00","0.00","0.00","0.00","0.00"
237,1,"1.67","0.00","1.00","2.50","0.00","0.00","0.67","0.00","0.00","-8.34","-8.34"
238,1,"0.00","0.00","1.00","0.00","0.00","0.00","1.00","0.00","0.00","0.00","0.00"
239,1,"0.00","0.00","0.01","1.46","0.99","0.20","0.53","1.00","0.00","-10.87","-10.87"
240,1,"0.00","0.00","0.01","5.21","0.99","0.88","0.34","1.00","0.00","-19.43","-19.43"
241,1,"0.00","0.00","1.00","0.00","0.00","0.00","1.00","0.00","0.00","0.00","0.00"
242,1,"0.00","0.00","0.54","4.29","0.46","1.07","0.30","1.00","0.00","-8.86","-8.84"
243,1,"0.00","0.00","0.01","1.59","0.99","0.79","0.36","1.00","0.00","-9.57","-9.57"
244,1,"0.00","0.00","1.00","0.00","0.00","0.00","1.00","0.00","0.00","0.00","0.00"
245,1,"0.00","0.00","0.52","3.02","0.48","0.37","0.47","1.00","0.00","-9.55","-9.54"
246,1,"0.00","0.00","1.00","0.00","0.00","0.00","1.00","0.00","0.00","0.00","0.00"
247,1,"0.00","0.00","1.00","0.00","0.00","0.00","1.00","0.00","0.00","0.00","0.00"
248,1,"0.00","0.00","0.01","1.90","0.99","1.53","0.24","1.00","0.00","-8.31","-8.31"
249,1,"1.85","0.73","1.00","2.77","0.00","0.00","0.67","0.00","0.00","-19.89","-19.89"
250,1,"0.00","0.00","1.00","0.00","0.00","0.00","1.00","0.00","0.00","0.00","0.00"
251,1,"0.00","0.00","1.00","0.00","0.00","0.00","1.00","0.00","0.00","0.00","0.00"
252,1,"0.00","0.00","0.00","3.63","1.00","0.52","0.42","2.00","0.00","-14.26","-14.26"
253,1,"0.00","0.00","1.00","0.00","0.00","0.00","1.00","0.00","0.00","0.00","0.00"
254,1,"0.00","0.00","1.00","0.00","0.00","0.00","1.00","0.00","0.00","0.00","0.00"
255,1,"0.00","0.00","0.01","1.26","0.99","0.29","0.49","1.00","0.00","-8.40","-8.41"
256,1,"0.00","0.00","0.54","6.27","0.46","0.58","0.41","1.00","0.00","-10.47","-10.45"
257,1,"3.48","0.00","1.00","5.21","0.00","0.00","0.67","0.00","0.00","-8.61","-8.61"
258,1,"0.00","0.00","1.00","0.00","0.00","0.00","1.00","0.00","0.00","0.00","0.00"
259,1,"0.00","0.00","1.00","0.00","0.00","0.00","1.00","0.00","0.00","0.00","0.00"
260,1,"2.28","0.00","1.00","3.43","0.00","0.00","0.67","0.00","0.00","-12.07","-12.07"
261,1,"0.00","0.00","1.00","0.00","0.00","0.00","1.00","0.00","0.00","0.00","0.00"
262,1,"0.00","0.00","1.00","0.00","0.00","0.00","1.00","0.00","0.00","0.00","0.00"
263,1,"0.00","0.00","1.00","0.00","0.00","0.00","1.00","0.00","0.00","0.00","0.00"
264,1,"0.00","0.00","1.00","0.00","0.00","0.00","1.00","0.00","0.00","0.00","0.00"
265,1,"0.00","0.00","0.00","5.33","1.00","1.18","0.29","2.00","0.00","-20.18","-20.18"
266,1,"16.12","0.00","1.00","24.17","0.00","0.00","0.67","0.00","0.00","-8.22","-8.22"
267,1,"2.79","0.00","1.00","4.18","0.00","0.00","0.67","0.00","0.00","-9.09","-9.09"
268,1,"2.00","0.08","0.00","3.73","1.00","0.36","0.47","0.00","0.00","-20.31","-20.32"
269,1,"1.93","1.12","1.00","2.90","0.00","0.00","0.67","0.00","0.00","-17.20","-17.20"
270,1,"4.16","0.87","1.00","6.24","0.00","0.00","0.67","0.00","0.00","-18.27","-18.27"
271,1,"0.00","0.00","1.00","0.00","0.00","0.00","1.00","0.00","0.00","0.00","0.00"
272,1,"0.00","0.00","1.00","0.00","0.00","0.00","1.00","0.00","0.00","0.00","0.00"
273,1,"0.00","0.00","0.00","1.87","1.00","1.04","0.31","0.00","0.00","-7.48","-7.48"
274,1,"0.00","0.00","0.01","1.86","0.99","0.40","0.46","1.00","0.00","-7.28","-7.29"
275,1,"0.00","0.00","0.01","1.27","0.99","0.29","0.50","1.00","0.00","-8.17","-8.17"
276,1,"0.00","0.00","0.53","6.07","0.47","0.42","0.45","1.00","0.00","-9.44","-9.43"
277,1,"3.17","0.00","1.00","4.76","0.00","0.00","0.67","0.00","0.00","-9.43","-9.43"
278,1,"0.04","0.01","0.98","402.75","0.02","1.56","0.23","1.00","0.00","-9.85","-9.28"
279,1,"0.00","0.00","1.00","0.00","0.00","0.00","1.00","0.00","0.00","0.00","0.00"
280,1,"0.00","0.00","1.00","0.00","0.00","0.00","1.00","0.00","0.00","0.00","0.00"
281,1,"0.00","0.00","1.00","0.00","0.00","0.00","1.00","0.00","0.00","0.00","0.00"
282,1,"0.00","0.00","1.00","0.00","0.00","0.00","1.00","0.00","0.00","0.00","0.00"
283,1,"1.71","0.00","1.00","2.56","0.00","0.00","0.67","0.00","0.00","-10.99","-10.99"
284,1,"2.77","1.71","1.00","4.16","0.00","0.00","0.67","0.00","0.00","-19.80","-19.80"
285,1,"0.00","0.00","0.01","1.65","0.99","0.83","0.35","1.00","0.00","-8.59","-8.59"
286,1,"0.00","0.00","0.52","5.36","0.48","0.64","0.39","2.00","0.00","-13.73","-13.71"
287,1,"0.00","0.00","1.00","0.00","0.00","0.00","1.00","0.00","0.00","0.00","0.00"
288,1,"0.00","0.00","0.96","274.28","0.04","4.02","0.06","2.00","0.00","-15.08","-13.76"
289,1,"0.00","0.00","0.98","273.51","0.02","2.06","0.18","1.00","0.00","-10.72","-10.09"
290,1,"0.00","0.00","1.00","0.00","0.00","0.00","1.00","0.00","0.00","0.00","0.00"
291,1,"0.00","0.00","0.54","6.12","0.46","1.26","0.27","1.00","0.00","-10.44","-10.43"
292,1,"8.41","0.00","1.00","12.62","0.00","0.00","0.67","0.00","0.00","-7.71","-7.71"
293,1,"0.00","0.00","1.00","0.00","0.00","0.00","1.00","0.00","0.00","0.00","0.00"
294,1,"0.00","0.00","1.00","0.00","0.00","0.00","1.00","0.00","0.00","0.00","0.00"
295,1,"10.59","1.13","0.97","31.38","0.03","-0.00","0.67","0.00","0.00","-25.43","-25.42"
296,1,"7.89","0.00","1.00","11.83","0.00","0.00","0.67","0.00","0.00","-6.82","-6.82"
297,1,"0.00","0.00","1.00","0.00","0.00","0.00","1.00","0.00","0.00","0.00","0.00"
298,1,"0.00","0.00","1.00","0.00","0.00","0.00","1.00","0.00","0.00","0.00","0.00"
299,1,"2.83","0.00","1.00","4.25","0.00","0.00","0.67","0.00","0.00","-8.65","-8.65"
300,1,"0.00","0.00","0.01","1.91","0.99","0.41","0.46","1.00","0.00","-7.69","-7.69"
301,1,"0.00","0.00","0.72","14.58","0.28","1.25","0.28","3.00","0.00","-20.72","-20.58"
302,1,"0.00","0.00","1.00","0.00","0.00","0.00","1.00","0.00","0.00","0.00","0.00"
303,1,"0.00","0.00","0.95","122.05","0.05","2.95","0.11","2.00","0.00","-18.89","-18.49"
304,1,"3.03","1.36","1.00","5.22","0.00","0.00","0.67","0.00","0.00","-15.30","-15.30"
305,1,"0.00","0.00","0.00","1.20","1.00","0.72","0.38","1.00","0.00","-9.23","-9.23"
306,1,"8.41","0.00","1.00","12.62","0.00","0.00","0.67","0.00","0.00","-7.73","-7.73"
307,1,"0.00","0.00","0.01","1.26","0.99","0.28","0.50","1.00","0.00","-8.51","-8.51"
308,1,"2.21","0.00","1.00","3.31","0.00","0.00","0.67","0.00","0.00","-9.01","-9.01"
309,1,"1.63","1.21","1.00","2.45","0.00","0.00","0.67","0.00","0.00","-15.84","-15.84"
310,1,"2.96","2.63","1.00","4.44","0.00","0.00","0.67","0.00","0.00","-19.19","-19.19"
311,1,"0.00","0.00","0.01","106.51","0.99","0.16","0.55","0.00","0.00","-9.80","-9.80"
312,1,"0.02","0.00","0.00","11.12","1.00","0.30","0.49","0.00","0.00","-5.91","-5.91"
313,1,"0.00","0.00","1.00","0.00","0.00","0.00","1.00","0.00","0.00","0.00","0.00"
314,1,"0.00","0.00","1.00","0.00","0.00","0.00","1.00","0.00","0.00","0.00","0.00"
315,1,"0.00","0.00","1.00","0.00","0.00","0.00","1.00","0.00","0.00","0.00","0.00"
316,1,"0.00","0.00","1.00","0.00","0.00","0.00","1.00","0.00","0.00","0.00","0.00"
317,1,"0.00","0.00","1.00","0.00","0.00","0.00","1.00","0.00","0.00","0.00","0.00"
