Site,Partition,&alpha;,&beta;<sup>-</sup>,p<sup>-</sup>,&beta;<sup>+</sup>,p<sup>+</sup>,LRT,p-value,# branches under selection,Total branch length,MEME LogL,FEL LogL,Variation p
1,1,"0.00","0.00","1.00","0.00","0.00","0.00","1.00","0.00","0.00","0.00","0.00","1.00"
2,1,"1.61","0.00","1.00","2.42","0.00","0.00","0.67","0.00","0.00","-22.57","-22.57","1.00"
3,1,"0.74","0.00","1.00","1.11","0.00","0.00","0.67","0.00","0.00","-11.95","-11.95","1.00"
4,1,"1.14","0.00","1.00","1.71","0.00","0.00","0.67","0.00","0.00","-9.04","-9.04","1.00"
5,1,"0.78","0.04","0.01","0.79","0.99","0.00","0.66","0.00","0.00","-21.71","-21.71","1.00"
6,1,"4.63","0.00","1.00","6.95","0.00","0.00","0.67","0.00","0.00","-41.98","-41.98","1.00"
7,1,"0.56","0.00","1.00","0.84","0.00","0.00","0.67","0.00","0.00","-11.77","-11.77","1.00"
8,1,"0.00","0.00","1.00","0.00","0.00","0.00","1.00","0.00","0.00","0.00","0.00","1.00"
9,1,"0.00","0.00","1.00","0.00","0.00","0.00","1.00","0.00","0.00","0.00","0.00","1.00"
10,1,"0.00","0.00","1.00","0.00","0.00","0.00","1.00","0.00","0.00","0.00","0.00","1.00"
11,1,"0.69","0.00","1.00","1.04","0.00","0.00","0.67","0.00","0.00","-11.66","-11.66","1.00"
12,1,"0.00","0.00","0.75","0.00","0.25","0.00","0.67","0.00","0.00","-3.48","-3.48","1.00"
13,1,"0.00","0.00","1.00","0.00","0.00","0.00","1.00","0.00","0.00","0.00","0.00","1.00"
14,1,"0.00","0.00","1.00","0.00","0.00","0.00","1.00","0.00","0.00","0.00","0.00","1.00"
15,1,"1.71","0.00","1.00","2.57","0.00","0.00","0.67","0.00","0.00","-21.40","-21.40","1.00"
16,1,"0.36","0.00","1.00","0.54","0.00","0.00","0.67","0.00","0.00","-12.07","-12.07","1.00"
17,1,"0.76","0.00","1.00","1.14","0.00","0.00","0.67","0.00","0.00","-9.07","-9.07","1.00"
18,1,"0.65","0.00","1.00","0.98","0.00","0.00","0.67","0.00","0.00","-10.80","-10.80","1.00"
19,1,"1.13","0.29","1.00","1.70","0.00","0.00","0.67","0.00","0.00","-16.39","-16.39","1.00"
20,1,"0.00","0.00","1.00","0.00","0.00","0.00","1.00","0.00","0.00","0.00","0.00","1.00"
21,1,"1.14","0.00","1.00","1.72","0.00","0.00","0.67","0.00","0.00","-14.68","-14.68","1.00"
22,1,"1.14","0.00","1.00","1.72","0.00","0.00","0.67","0.00","0.00","-14.97","-14.97","1.00"
23,1,"0.56","0.42","1.00","0.83","0.00","0.00","0.67","0.00","0.00","-18.64","-18.64","1.00"
24,1,"0.00","0.00","1.00","0.00","0.00","0.00","1.00","0.00","0.00","0.00","0.00","1.00"
25,1,"0.77","0.00","1.00","1.15","0.00","0.00","0.67","0.00","0.00","-10.86","-10.86","1.00"
26,1,"0.00","0.00","1.00","0.00","0.00","0.00","1.00","0.00","0.00","0.00","0.00","1.00"
27,1,"0.00","0.00","1.00","0.00","0.00","0.00","1.00","0.00","0.00","0.00","0.00","1.00"
28,1,"1.55","0.35","1.00","2.33","0.00","0.00","0.67","0.00","0.00","-23.25","-23.25","1.00"
29,1,"1.28","0.00","1.00","1.91","0.00","0.00","0.67","0.00","0.00","-9.09","-9.09","1.00"
30,1,"0.00","0.00","1.00","0.00","0.00","0.00","1.00","0.00","0.00","0.00","0.00","1.00"
31,1,"0.65","0.00","1.00","0.98","0.00","0.00","0.67","0.00","0.00","-11.96","-11.96","1.00"
32,1,"0.66","0.01","0.01","1.19","0.99","0.29","0.50","3.00","0.00","-36.33","-36.33","1.00"
33,1,"0.78","0.00","1.00","1.17","0.00","0.00","0.67","0.00","0.00","-10.85","-10.85","1.00"
34,1,"0.00","0.00","1.00","0.00","0.00","0.00","1.00","0.00","0.00","0.00","0.00","1.00"
35,1,"2.03","0.00","1.00","3.05","0.00","0.00","0.67","0.00","0.00","-30.95","-30.95","1.00"
36,1,"1.35","0.00","1.00","2.03","0.00","0.00","0.67","0.00","0.00","-21.82","-21.82","1.00"
37,1,"0.53","0.00","1.00","0.79","0.00","0.00","0.67","0.00","0.00","-11.56","-11.56","1.00"
38,1,"1.06","0.00","1.00","1.59","0.00","0.00","0.67","0.00","0.00","-14.87","-14.87","1.00"
39,1,"0.00","0.00","1.00","0.00","0.00","0.00","1.00","0.00","0.00","0.00","0.00","1.00"
40,1,"0.58","0.00","1.00","0.86","0.00","0.00","0.67","0.00","0.00","-10.09","-10.09","1.00"
41,1,"1.14","0.00","1.00","1.71","0.00","0.00","0.67","0.00","0.00","-16.16","-16.16","1.00"
42,1,"0.00","0.00","1.00","0.00","0.00","0.00","1.00","0.00","0.00","0.00","0.00","1.00"
43,1,"1.71","0.00","1.00","2.56","0.00","0.00","0.67","0.00","0.00","-21.99","-21.99","1.00"
44,1,"0.00","0.00","1.00","0.00","0.00","0.00","1.00","0.00","0.00","0.00","0.00","1.00"
45,1,"0.00","0.00","1.00","0.00","0.00","0.00","1.00","0.00","0.00","0.00","0.00","1.00"
46,1,"0.00","0.00","1.00","0.00","0.00","0.00","1.00","0.00","0.00","0.00","0.00","1.00"
47,1,"3.05","0.00","1.00","4.57","0.00","0.00","0.67","0.00","0.00","-33.86","-33.86","1.00"
48,1,"1.14","0.44","1.00","1.71","0.00","0.00","0.67","0.00","0.00","-21.74","-21.74","1.00"
49,1,"0.00","0.00","1.00","0.00","0.00","0.00","1.00","0.00","0.00","0.00","0.00","1.00"
50,1,"1.33","0.23","1.00","1.99","0.00","0.00","0.67","0.00","0.00","-11.00","-11.00","1.00"
51,1,"1.14","0.00","1.00","1.71","0.00","0.00","0.67","0.00","0.00","-14.44","-14.44","1.00"
52,1,"1.14","0.86","1.00","1.71","0.00","0.00","0.67","0.00","0.00","-26.21","-26.21","1.00"
53,1,"1.71","0.00","1.00","2.56","0.00","0.00","0.67","0.00","0.00","-18.74","-18.74","1.00"
54,1,"3.76","0.00","1.00","5.64","0.00","0.00","0.67","0.00","0.00","-10.67","-10.67","1.00"
55,1,"2.26","0.00","1.00","4.51","0.00","0.00","0.67","0.00","0.00","-22.07","-22.07","1.00"
56,1,"1.94","0.00","1.00","2.91","0.00","0.00","0.67","0.00","0.00","-20.59","-20.59","1.00"
57,1,"1.46","0.00","1.00","2.19","0.00","0.00","0.67","0.00","0.00","-24.75","-24.75","1.00"
58,1,"0.66","0.00","1.00","0.99","0.00","0.00","0.67","0.00","0.00","-11.73","-11.73","1.00"
59,1,"0.00","0.00","1.00","0.00","0.00","0.00","1.00","0.00","0.00","0.00","0.00","1.00"
60,1,"3.76","0.00","1.00","5.64","0.00","0.00","0.67","0.00","0.00","-9.97","-9.97","1.00"
61,1,"0.78","0.00","1.00","1.17","0.00","0.00","0.67","0.00","0.00","-10.60","-10.60","1.00"
62,1,"1.93","0.00","1.00","2.89","0.00","0.00","0.67","0.00","0.00","-16.36","-16.36","1.00"
63,1,"1.31","0.00","1.00","1.97","0.00","0.00","0.67","0.00","0.00","-17.79","-17.79","1.00"
64,1,"0.65","0.00","1.00","0.98","0.00","0.00","0.67","0.00","0.00","-14.64","-14.64","1.00"
65,1,"0.00","0.00","1.00","0.00","0.00","0.00","1.00","0.00","0.00","0.00","0.00","1.00"
66,1,"1.27","0.00","1.00","1.90","0.00","0.00","0.67","0.00","0.00","-20.84","-20.84","1.00"
67,1,"0.78","0.00","1.00","1.17","0.00","0.00","0.67","0.00","0.00","-10.49","-10.49","1.00"
68,1,"2.31","0.00","1.00","3.46","0.00","0.00","0.67","0.00","0.00","-14.61","-14.61","1.00"
69,1,"0.96","0.00","1.00","1.44","0.00","0.00","0.67","0.00","0.00","-10.71","-10.71","1.00"
70,1,"1.28","0.00","1.00","1.91","0.00","0.00","0.67","0.00","0.00","-9.10","-9.10","1.00"
71,1,"2.60","0.00","1.00","3.91","0.00","0.00","0.67","0.00","0.00","-15.64","-15.64","1.00"
72,1,"1.57","0.00","1.00","2.35","0.00","0.00","0.67","0.00","0.00","-12.99","-12.99","1.00"
73,1,"0.65","0.00","1.00","0.98","0.00","0.00","0.67","0.00","0.00","-11.60","-11.60","1.00"
74,1,"0.00","0.00","1.00","0.00","0.00","0.00","1.00","0.00","0.00","0.00","0.00","1.00"
75,1,"0.00","0.00","1.00","0.00","0.00","0.00","1.00","0.00","0.00","0.00","0.00","1.00"
76,1,"0.00","0.00","0.53","0.65","0.47","0.19","0.53","1.00","0.00","-11.12","-11.12","1.00"
77,1,"1.30","0.28","1.00","1.96","0.00","0.00","0.67","0.00","0.00","-23.37","-23.37","1.00"
78,1,"0.00","0.00","1.00","0.00","0.00","0.00","1.00","0.00","0.00","0.00","0.00","1.00"
79,1,"0.53","0.00","1.00","0.79","0.00","0.00","0.67","0.00","0.00","-11.56","-11.56","1.00"
80,1,"0.45","0.00","1.00","0.67","0.00","0.00","0.67","0.00","0.00","-10.96","-10.96","1.00"
81,1,"0.58","0.00","1.00","0.87","0.00","0.00","0.67","0.00","0.00","-11.02","-11.02","1.00"
82,1,"3.85","0.00","1.00","5.78","0.00","0.00","0.67","0.00","0.00","-27.49","-27.49","1.00"
83,1,"0.58","0.00","1.00","0.87","0.00","0.00","0.67","0.00","0.00","-10.94","-10.94","1.00"
84,1,"0.00","0.00","0.01","0.31","0.99","0.16","0.55","1.00","0.00","-10.31","-10.31","1.00"
85,1,"0.96","0.00","1.00","1.44","0.00","0.00","0.67","0.00","0.00","-10.64","-10.64","1.00"
86,1,"0.00","0.00","1.00","0.00","0.00","0.00","1.00","0.00","0.00","0.00","0.00","1.00"
87,1,"3.67","0.60","1.00","5.51","0.00","0.00","0.67","0.00","0.00","-23.48","-23.48","1.00"
88,1,"1.14","0.00","1.00","1.71","0.00","0.00","0.67","0.00","0.00","-14.82","-14.82","1.00"
89,1,"0.58","0.00","1.00","0.87","0.00","0.00","0.67","0.00","0.00","-8.98","-8.98","1.00"
90,1,"0.00","0.00","1.00","0.00","0.00","0.00","1.00","0.00","0.00","0.00","0.00","1.00"
91,1,"1.93","0.00","1.00","2.90","0.00","0.00","0.67","0.00","0.00","-15.74","-15.74","1.00"
92,1,"1.31","0.00","1.00","1.96","0.00","0.00","0.67","0.00","0.00","-9.47","-9.47","1.00"
93,1,"0.00","0.00","1.00","0.00","0.00","0.00","1.00","0.00","0.00","0.00","0.00","1.00"
94,1,"1.96","0.00","1.00","2.94","0.00","0.00","0.67","0.00","0.00","-17.25","-17.25","1.00"
95,1,"0.00","0.00","1.00","0.00","0.00","0.00","1.00","0.00","0.00","0.00","0.00","1.00"
96,1,"0.00","0.00","1.00","0.00","0.00","0.00","1.00","0.00","0.00","0.00","0.00","1.00"
97,1,"0.00","0.00","1.00","0.00","0.00","0.00","1.00","0.00","0.00","0.00","0.00","1.00"
98,1,"1.31","0.00","1.00","1.97","0.00","0.00","0.67","0.00","0.00","-19.55","-19.55","1.00"
99,1,"0.00","0.00","1.00","0.00","0.00","0.00","1.00","0.00","0.00","0.00","0.00","1.00"
100,1,"3.13","0.00","1.00","4.70","0.00","0.00","0.67","0.00","0.00","-24.13","-24.13","1.00"
101,1,"1.28","0.00","1.00","1.92","0.00","0.00","0.67","0.00","0.00","-8.77","-8.77","1.00"
102,1,"0.00","0.00","1.00","0.00","0.00","0.00","1.00","0.00","0.00","0.00","0.00","1.00"
103,1,"2.62","0.33","1.00","4.97","0.00","0.00","0.66","0.00","0.00","-30.68","-30.68","1.00"
104,1,"0.69","0.00","1.00","1.04","0.00","0.00","0.67","0.00","0.00","-12.36","-12.36","1.00"
105,1,"1.71","0.00","1.00","2.57","0.00","0.00","0.67","0.00","0.00","-21.35","-21.35","1.00"
106,1,"0.50","0.00","1.00","0.75","0.00","0.00","0.67","0.00","0.00","-10.70","-10.70","1.00"
107,1,"1.51","0.39","1.00","2.74","0.00","0.00","0.67","0.00","0.00","-20.22","-20.22","1.00"
108,1,"0.00","0.00","0.50","0.57","0.50","0.62","0.40","1.00","0.00","-11.84","-11.84","1.00"
109,1,"0.00","0.00","1.00","0.00","0.00","0.00","1.00","0.00","0.00","0.00","0.00","1.00"
110,1,"0.58","0.00","1.00","0.87","0.00","0.00","0.67","0.00","0.00","-10.81","-10.81","1.00"
111,1,"1.36","0.00","1.00","2.04","0.00","0.00","0.67","0.00","0.00","-13.85","-13.85","1.00"
112,1,"0.00","0.00","1.00","0.00","0.00","0.00","1.00","0.00","0.00","0.00","0.00","1.00"
113,1,"1.14","0.86","1.00","1.71","0.00","0.00","0.67","0.00","0.00","-27.20","-27.20","1.00"
114,1,"0.98","0.00","1.00","1.47","0.00","0.00","0.67","0.00","0.00","-20.66","-20.66","1.00"
115,1,"0.00","0.00","0.50","0.60","0.50","0.55","0.42","1.00","0.00","-10.84","-10.84","1.00"
116,1,"2.00","0.00","1.00","3.00","0.00","0.00","0.67","0.00","0.00","-20.64","-20.64","1.00"
117,1,"0.00","0.00","1.00","0.00","0.00","0.00","1.00","0.00","0.00","0.00","0.00","1.00"
118,1,"1.30","0.00","1.00","1.95","0.00","0.00","0.67","0.00","0.00","-10.20","-10.20","1.00"
119,1,"2.63","0.00","1.00","3.95","0.00","0.00","0.67","0.00","0.00","-13.84","-13.84","1.00"
120,1,"1.00","0.87","1.00","1.50","0.00","0.00","0.67","0.00","0.00","-38.64","-38.64","1.00"
121,1,"0.78","0.00","1.00","1.17","0.00","0.00","0.67","0.00","0.00","-9.77","-9.77","1.00"
122,1,"1.95","0.00","1.00","2.92","0.00","0.00","0.67","0.00","0.00","-20.08","-20.08","1.00"
123,1,"2.66","0.28","1.00","3.99","0.00","0.00","0.67","0.00","0.00","-36.54","-36.54","1.00"
124,1,"0.56","0.00","1.00","0.84","0.00","0.00","0.67","0.00","0.00","-9.18","-9.18","1.00"
125,1,"0.00","0.00","0.01","0.30","0.99","0.16","0.55","1.00","0.00","-10.42","-10.42","1.00"
126,1,"0.00","0.00","1.00","0.00","0.00","0.00","1.00","0.00","0.00","0.00","0.00","1.00"
127,1,"1.67","0.00","1.00","2.50","0.00","0.00","0.67","0.00","0.00","-21.91","-21.91","1.00"
128,1,"0.00","0.00","1.00","0.00","0.00","0.00","1.00","0.00","0.00","0.00","0.00","1.00"
129,1,"3.12","0.00","1.00","4.68","0.00","0.00","0.67","0.00","0.00","-21.96","-21.96","1.00"
130,1,"1.31","0.00","1.00","1.97","0.00","0.00","0.67","0.00","0.00","-15.78","-15.78","1.00"
131,1,"1.94","0.00","1.00","3.83","0.00","0.00","0.67","0.00","0.00","-18.63","-18.63","1.00"
132,1,"0.00","0.00","0.53","0.65","0.47","0.19","0.53","1.00","0.00","-11.12","-11.12","1.00"
133,1,"0.00","0.00","1.00","0.00","0.00","0.00","1.00","0.00","0.00","0.00","0.00","1.00"
134,1,"0.58","0.00","1.00","0.87","0.00","0.00","0.67","0.00","0.00","-9.31","-9.31","1.00"
135,1,"3.09","0.38","1.00","6.26","0.00","0.00","0.67","0.00","0.00","-39.64","-39.64","1.00"
136,1,"0.00","0.00","1.00","0.00","0.00","0.00","1.00","0.00","0.00","0.00","0.00","1.00"
137,1,"0.00","0.00","1.00","0.00","0.00","0.00","1.00","0.00","0.00","0.00","0.00","1.00"
138,1,"3.23","0.00","1.00","5.92","0.00","0.00","0.67","0.00","0.00","-23.55","-23.55","1.00"
139,1,"2.28","0.00","1.00","3.43","0.00","0.00","0.67","0.00","0.00","-15.99","-15.99","1.00"
140,1,"1.29","0.40","1.00","1.94","0.00","0.00","0.67","0.00","0.00","-16.67","-16.67","1.00"
141,1,"1.71","0.00","1.00","2.57","0.00","0.00","0.67","0.00","0.00","-20.41","-20.41","1.00"
142,1,"0.00","0.00","0.00","1.41","1.00","4.10","0.06","5.00","0.00","-27.45","-27.45","1.00"
143,1,"1.15","0.00","1.00","1.73","0.00","0.00","0.67","0.00","0.00","-15.00","-15.00","1.00"
144,1,"0.00","0.00","1.00","0.00","0.00","0.00","1.00","0.00","0.00","0.00","0.00","1.00"
145,1,"0.98","0.00","1.00","1.48","0.00","0.00","0.67","0.00","0.00","-15.61","-15.61","1.00"
146,1,"0.49","0.00","1.00","0.74","0.00","0.00","0.67","0.00","0.00","-9.60","-9.60","1.00"
147,1,"0.78","0.00","1.00","1.17","0.00","0.00","0.67","0.00","0.00","-10.85","-10.85","1.00"
148,1,"1.99","0.00","1.00","2.99","0.00","0.00","0.67","0.00","0.00","-37.68","-37.68","1.00"
149,1,"2.15","0.00","1.00","3.23","0.00","0.00","0.67","0.00","0.00","-26.07","-26.07","1.00"
150,1,"0.00","0.00","1.00","0.00","0.00","0.00","1.00","0.00","0.00","0.00","0.00","1.00"
151,1,"1.47","0.00","1.00","2.20","0.00","0.00","0.67","0.00","0.00","-17.27","-17.27","1.00"
152,1,"1.71","0.00","1.00","2.56","0.00","0.00","0.67","0.00","0.00","-22.03","-22.03","1.00"
153,1,"1.90","0.00","1.00","2.85","0.00","0.00","0.67","0.00","0.00","-16.80","-16.80","1.00"
154,1,"0.00","0.00","1.00","0.00","0.00","0.00","1.00","0.00","0.00","0.00","0.00","1.00"
155,1,"1.71","0.00","1.00","2.57","0.00","0.00","0.67","0.00","0.00","-21.14","-21.14","1.00"
156,1,"0.53","0.00","1.00","0.80","0.00","0.00","0.67","0.00","0.00","-14.39","-14.39","1.00"
157,1,"0.64","0.00","1.00","0.96","0.00","0.00","0.67","0.00","0.00","-17.01","-17.01","1.00"
158,1,"1.73","0.00","1.00","2.59","0.00","0.00","0.67","0.00","0.00","-16.82","-16.82","1.00"
159,1,"1.14","0.00","1.00","1.72","0.00","0.00","0.67","0.00","0.00","-13.91","-13.91","1.00"
160,1,"3.91","0.00","1.00","5.87","0.00","0.00","0.67","0.00","0.00","-26.88","-26.88","1.00"
161,1,"0.00","0.00","1.00","0.00","0.00","0.00","1.00","0.00","0.00","0.00","0.00","1.00"
162,1,"0.00","0.00","1.00","0.00","0.00","0.00","1.00","0.00","0.00","0.00","0.00","1.00"
163,1,"1.71","0.00","1.00","2.56","0.00","0.00","0.67","0.00","0.00","-17.89","-17.89","1.00"
164,1,"0.00","0.00","1.00","0.00","0.00","0.00","1.00","0.00","0.00","0.00","0.00","1.00"
165,1,"2.26","0.00","1.00","3.39","0.00","0.00","0.67","0.00","0.00","-25.82","-25.82","1.00"
166,1,"0.78","0.00","1.00","1.17","0.00","0.00","0.67","0.00","0.00","-10.50","-10.50","1.00"
167,1,"1.51","0.00","1.00","2.26","0.00","0.00","0.67","0.00","0.00","-24.03","-24.03","1.00"
168,1,"0.58","0.00","1.00","0.87","0.00","0.00","0.67","0.00","0.00","-11.17","-11.17","1.00"
169,1,"1.26","0.81","1.00","1.89","0.00","0.00","0.67","0.00","0.00","-23.19","-23.19","1.00"
170,1,"1.13","0.56","1.00","1.70","0.00","0.00","0.67","0.00","0.00","-29.04","-29.04","1.00"
171,1,"0.00","0.00","1.00","0.00","0.00","0.00","1.00","0.00","0.00","0.00","0.00","1.00"
172,1,"1.48","0.95","1.00","2.22","0.00","0.00","0.67","0.00","0.00","-42.29","-42.29","1.00"
173,1,"0.00","0.00","0.01","0.61","0.99","0.32","0.48","2.00","0.00","-15.74","-15.74","1.00"
174,1,"1.14","0.00","1.00","1.72","0.00","0.00","0.67","0.00","0.00","-16.34","-16.34","1.00"
175,1,"0.58","0.00","1.00","0.87","0.00","0.00","0.67","0.00","0.00","-10.08","-10.08","1.00"
176,1,"3.88","0.00","1.00","5.82","0.00","0.00","0.67","0.00","0.00","-29.65","-29.65","1.00"
177,1,"0.00","0.00","1.00","0.00","0.00","0.00","1.00","0.00","0.00","0.00","0.00","1.00"
178,1,"0.00","0.00","1.00","0.00","0.00","0.00","1.00","0.00","0.00","0.00","0.00","1.00"
179,1,"0.95","0.34","1.00","1.43","0.00","0.00","0.67","0.00","0.00","-17.58","-17.58","1.00"
180,1,"2.49","1.28","1.00","3.74","0.00","0.00","0.67","0.00","0.00","-50.74","-50.74","1.00"
181,1,"1.79","0.09","0.01","1.79","0.99","0.00","0.66","0.00","0.00","-43.64","-43.64","1.00"
182,1,"0.00","0.00","0.50","1.71","0.50","1.91","0.19","3.00","0.00","-25.03","-25.02","0.99"
183,1,"0.81","0.28","1.00","1.21","0.00","0.00","0.67","0.00","0.00","-18.32","-18.32","1.00"
184,1,"2.62","0.00","1.00","3.93","0.00","0.00","0.67","0.00","0.00","-15.98","-15.98","1.00"
185,1,"0.00","0.00","1.00","0.00","0.00","0.00","1.00","0.00","0.00","0.00","0.00","1.00"
186,1,"0.00","0.00","1.00","0.00","0.00","0.00","1.00","0.00","0.00","0.00","0.00","1.00"
187,1,"0.00","0.00","1.00","0.00","0.00","0.00","1.00","0.00","0.00","0.00","0.00","1.00"
188,1,"0.00","0.00","0.01","1.91","0.99","6.00","0.02","6.00","0.00","-44.21","-44.21","1.00"
189,1,"0.00","0.00","0.53","1.75","0.47","1.10","0.30","2.00","0.00","-16.67","-16.66","0.99"
190,1,"0.00","0.00","0.50","0.79","0.50","0.82","0.35","1.00","0.00","-10.87","-10.86","1.00"
191,1,"0.00","0.00","1.00","0.00","0.00","0.00","1.00","0.00","0.00","0.00","0.00","1.00"
192,1,"0.00","0.00","1.00","0.00","0.00","0.00","1.00","0.00","0.00","0.00","0.00","1.00"
193,1,"0.00","0.00","0.50","0.78","0.50","0.90","0.34","1.00","0.00","-11.17","-11.16","1.00"
194,1,"0.00","0.00","1.00","0.00","0.00","0.00","1.00","0.00","0.00","0.00","0.00","1.00"
195,1,"0.00","0.00","0.50","0.49","0.50","0.45","0.44","1.00","0.00","-11.71","-11.71","1.00"
